"Status","Start Time","Stop Time","Duration in ms","Parent Suite","Suite","Sub Suite","Test Class","Test Method","Name","Description"
"passed","Mon Dec 05 10:27:39 CST 2022","Mon Dec 05 10:27:40 CST 2022","712","","app_test","","","","test_input",""
"passed","Mon Dec 05 10:28:21 CST 2022","Mon Dec 05 10:28:21 CST 2022","22","","app_test","","","","test_deleteETProfile",""
"passed","Thu Dec 01 10:27:04 CST 2022","Thu Dec 01 10:27:26 CST 2022","21623","","app_test","","","","test_set_up_test",""
"passed","Mon Dec 05 10:27:26 CST 2022","Mon Dec 05 10:27:39 CST 2022","12772","","app_test","","","","test_running_test",""
"passed","Mon Dec 05 10:27:51 CST 2022","Mon Dec 05 10:28:06 CST 2022","14212","","app_test","","","","test_messgaeConfirm",""
"passed","Mon Dec 05 10:28:06 CST 2022","Mon Dec 05 10:28:20 CST 2022","14910","","app_test","","","","test_prfile",""
"passed","Mon Dec 05 10:27:40 CST 2022","Mon Dec 05 10:27:51 CST 2022","11391","","app_test","","","","test_vertify",""
"passed","Mon Dec 05 10:28:20 CST 2022","Mon Dec 05 10:28:20 CST 2022","15","","app_test","","","","test_deleteMember",""
"passed","Mon Dec 05 10:28:21 CST 2022","Mon Dec 05 10:28:21 CST 2022","9","","app_test","","","","test_deleteProfile",""
"passed","Mon Dec 05 10:28:20 CST 2022","Mon Dec 05 10:28:20 CST 2022","7","","app_test","","","","test_deleteAccount",""
"passed","Mon Dec 05 10:27:26 CST 2022","Mon Dec 05 10:27:26 CST 2022","11","","app_test","","","","更改寬鬆/一般註冊",""
